average_breath,average_heart_rate,average_hrv,awake_time,bedtime_end,bedtime_start,day,deep_sleep_duration,efficiency,latency,light_sleep_duration,lowest_heart_rate,movement_30_sec,period,rem_sleep_duration,restless_periods,score,segment_state,sleep_midpoint,time_in_bed,total_sleep_duration,type,sleep_phase_5_min,timezone,bedtime_start_delta,bedtime_end_delta,midpoint_at_delta,heart_rate_5_min,hrv_5_min,contributors_total_sleep,contributors_deep_sleep,contributors_rem_sleep,contributors_efficiency,contributors_latency,contributors_restfulness,contributors_timing,readiness_contributors_activity_balance,readiness_contributors_body_temperature,readiness_contributors_hrv_balance,readiness_contributors_previous_day_activity,readiness_contributors_previous_night,readiness_contributors_recovery_index,readiness_contributors_resting_heart_rate,readiness_contributors_sleep_balance,readiness_score,readiness_temperature_deviation,readiness_temperature_trend_deviation
15.5,73.67,65,4402,2024-02-08T08:49:53.000-05:00,2024-02-08T00:49:31.000-05:00,2024-02-08,6810,85,270,12720,57.0,3121111111111111111113211111111111111111111111111111111111111111111111111133122111212113211112111121111111111111111111111111112111111111111111111111111111111212111111111111111111111111111111111111221111111211111321111111111132333311133212221112211111221111322333333331112211111111112111112121111111111111111111111111111111111111321111111111111111111111111111111112233332322121111111111111322211111111111111111111112122111112111111221111112211111111332111111231112111112113243311111111111111111111111111111111111111111111111111111111111111111111111111111111111111111111321121111111111123321111111111111111111111132132111111111111111111111211111111111111111111121111111111111111111111111111111111111111111211111111323111112123321121111111111112221111111131121111111122112131211111112311111111111121211111111111111111111111111111111111111111111113221111111133311112111111111111111111111111111111111111132122212121111111111123323211121122212111111111211222122212221,0,4890,214,69,active,14520,28822,24420,long_sleep,422111112211111111122244444421111221443333333424221112221222332222222222443333222222222222234434,-300,2971,31793,17491,None;None;88.0;88.0;90.0;90.0;90.0;91.0;93.0;86.0;84.0;85.0;86.0;87.0;88.0;89.0;89.0;86.0;86.0;88.0;90.0;84.0;97.0;None;None;None;None;None;75.0;73.0;78.0;79.0;79.0;80.0;80.0;80.0;None;None;None;72.0;80.0;82.0;74.0;75.0;71.0;72.0;73.0;None;None;70.0;70.0;73.0;73.0;73.0;74.0;75.0;73.0;74.0;68.0;65.0;66.0;72.0;65.0;65.0;64.0;64.0;63.0;64.0;64.0;64.0;63.0;64.0;None;None;73.0;69.0;61.0;61.0;59.0;57.0;59.0;59.0;59.0;60.0;60.0;59.0;59.0;59.0;61.0;64.0;64.0;59.0;None;None;None;None;None,None;None;26.0;30.0;20.0;18.0;21.0;19.0;33.0;52.0;52.0;42.0;41.0;35.0;32.0;31.0;41.0;42.0;41.0;32.0;21.0;31.0;22.0;None;None;None;None;None;53.0;76.0;55.0;42.0;41.0;46.0;41.0;38.0;None;None;None;104.0;40.0;28.0;39.0;47.0;44.0;74.0;52.0;None;None;70.0;92.0;91.0;86.0;81.0;76.0;85.0;82.0;70.0;69.0;73.0;43.0;64.0;74.0;66.0;71.0;68.0;83.0;86.0;78.0;95.0;119.0;91.0;None;None;66.0;92.0;108.0;97.0;92.0;94.0;87.0;101.0;110.0;119.0;113.0;107.0;107.0;118.0;112.0;90.0;94.0;76.0;None;None;None;None;None,66,100,78,83,72,69,44,83,100,,,74,40,90,,73,-0.18,
18.375,,,1200,2024-02-08T17:41:31.000-05:00,2024-02-08T17:07:01.000-05:00,2024-02-08,180,42,1230,690,,3231322222112111222333331111111111113212112111111111211111111111111111,1,0,12,25,active,1500,2070,870,,4444224,-300,61621,63691,63121,None;None;None;None;None;None,None;None;None;None;None;None,2,3,1,11,83,99,1,83,,,,20,,,,45,,
15.25,59.89,100,2450,2024-02-09T10:01:22.000-05:00,2024-02-09T02:42:02.000-05:00,2024-02-09,4230,91,30,13440,55.0,111111111121113211111111121111111111111112111111111111111111111111111111111111111111111111111111112221112221111111111122122112211111111121111111111111111111111111111321111321111111111111111121243111111111111131111111121111111111121111111112111111111311111111111111131113222111211111111111122213213121211111212111111111111111111111111111111111111111111311112111111121112211111111111111111111111333221132132111111111111111111111111111111323211111111111111111111111111111111111112321111111111111123111111131221111111211111113111111211111111321112121111111111111111111323311111111111111112321111111111111111311111111111111113221111111111111111231111111111111111123322322111122111112233223221122321111112111111111111111111111111111111233331111111222211111111111111221111111111121111111111111111111111113321111111311111122322111111111113111232333223222311111111111111232111111111112321,0,6240,264,64,active,12720,26360,23910,long_sleep,2211111111222221122422233333332221122224422222212333333222222222224343333432222222244334,-300,9722,36082,22442,64.0;65.0;65.0;65.0;64.0;64.0;65.0;65.0;64.0;64.0;66.0;65.0;63.0;60.0;61.0;61.0;61.0;62.0;60.0;59.0;56.0;58.0;56.0;62.0;61.0;60.0;64.0;57.0;67.0;63.0;None;55.0;55.0;55.0;56.0;55.0;56.0;55.0;57.0;57.0;None;55.0;56.0;56.0;56.0;58.0;59.0;60.0;60.0;61.0;60.0;64.0;66.0;61.0;59.0;60.0;60.0;57.0;57.0;55.0;56.0;56.0;57.0;57.0;57.0;57.0;59.0;57.0;None;59.0;63.0;66.0;69.0;65.0;61.0;59.0;59.0;58.0;56.0;57.0;59.0;57.0;58.0;61.0;None;None;None;None,100.0;96.0;84.0;87.0;89.0;90.0;86.0;85.0;89.0;88.0;97.0;81.0;95.0;126.0;119.0;121.0;127.0;98.0;109.0;120.0;123.0;127.0;100.0;105.0;91.0;109.0;74.0;139.0;53.0;83.0;None;84.0;108.0;141.0;139.0;124.0;115.0;113.0;149.0;117.0;None;83.0;107.0;126.0;89.0;111.0;103.0;89.0;88.0;87.0;100.0;73.0;69.0;90.0;108.0;95.0;107.0;69.0;96.0;78.0;130.0;93.0;107.0;107.0;90.0;100.0;108.0;90.0;None;129.0;92.0;65.0;65.0;96.0;104.0;110.0;127.0;115.0;110.0;123.0;102.0;131.0;121.0;115.0;None;None;None;None,65,73,96,96,62,62,17,81,94,,82,67,93,93,,82,-0.46,-0.05
14.75,58.5,93,1710,2024-02-10T10:37:56.000-05:00,2024-02-10T02:56:56.000-05:00,2024-02-10,5760,94,210,15210,54.0,3211111111111111111111131111111111111111111111111111111111221111111111111111121111111111113111111111111111111111112111111111111111111111222121121111111112111111121121211111121111111111111111111111111111111111111211111133222222211111111111121111111121122111111111111111111222111112111111111211111111121112121111111111111111111111111111111111111111111111111111111111111111111111111111111111111123111221111111111111121111122111111111111221111111111123112111111111111112221112211211121331111111111112111112111111111111111111211111121111111111111111112121111111111111111221111111111111211211111111111111111111111111111111111111112211111123111111111111111111111111123211111111111111111111111111111111111111111112211112311111111111111111123222111111111111112211122111111111111111122111221111111222121111111321111111111111112212231111111111112211111111111111111111111113211111111111111111111111111111111123211113111111211112331111,0,4980,247,71,active,13830,27660,25950,long_sleep,42211111111122211111114222333332222122122222222242222222333333322222211222222233332222222224,-300,10616,38276,24446,None;71.0;66.0;60.0;61.0;62.0;60.0;61.0;62.0;62.0;58.0;65.0;67.0;63.0;59.0;59.0;59.0;59.0;60.0;59.0;59.0;60.0;60.0;56.0;54.0;55.0;59.0;58.0;55.0;59.0;60.0;54.0;55.0;55.0;55.0;54.0;54.0;55.0;56.0;57.0;55.0;55.0;55.0;55.0;54.0;55.0;58.0;58.0;63.0;56.0;56.0;56.0;55.0;57.0;57.0;58.0;60.0;60.0;62.0;60.0;64.0;67.0;66.0;58.0;57.0;57.0;57.0;58.0;59.0;60.0;59.0;57.0;54.0;55.0;54.0;56.0;58.0;60.0;60.0;60.0;62.0;62.0;57.0;57.0;55.0;56.0;57.0;59.0;59.0;None;None;None;None,None;64.0;91.0;102.0;96.0;96.0;127.0;108.0;104.0;109.0;170.0;85.0;46.0;87.0;130.0;131.0;129.0;124.0;136.0;147.0;142.0;142.0;158.0;77.0;114.0;98.0;87.0;91.0;88.0;98.0;105.0;100.0;71.0;66.0;62.0;81.0;87.0;61.0;65.0;83.0;79.0;80.0;59.0;65.0;93.0;104.0;86.0;99.0;82.0;110.0;110.0;113.0;120.0;144.0;144.0;119.0;91.0;60.0;62.0;83.0;42.0;43.0;49.0;68.0;110.0;107.0;110.0;101.0;95.0;87.0;92.0;106.0;87.0;96.0;120.0;114.0;71.0;79.0;81.0;71.0;78.0;61.0;88.0;84.0;93.0;70.0;99.0;65.0;86.0;None;None;None;None,72,96,78,99,70,86,11,79,100,,89,76,91,93,,85,-0.05,0.06
15.625,71.23,65,2610,2024-02-11T11:07:58.000-05:00,2024-02-11T02:33:58.000-05:00,2024-02-11,5370,92,300,16920,56.0,31221111111111111111111111111111111111111132111111111111111111111111113222111111111111111111111111111111111111111111111111111111111111111111121211111111221111111122211111111111111111111111111122111211112132111111111111111111111113211111111111111111212111111111111111111111121311112221111112233321112212111211111111111332111111111111321111111111111111111111111111111112333121111111111111221123311111111112112111122112111121111111111311111111111111111111112321111111111111111111111211111222111111111111111111111111111111111111111111111111111111111111111111143221111111111111111111111111111111111111111111111111111111111111111111111111111132111113212211112111121111111223222231112111111111111112221111111111111131111111111111111131111111111111111111111231211222111111111111112312111311321111111111111111113311112113311232111131111111112111111212222112111221112212111112212111211111111111111111111111111111111111111122221111111111121211111111211111111111111111111111243213333212111111111123131111211113111111112121111111111111112313,0,5940,289,72,active,15270,30840,28230,long_sleep,4111111111111111222322221111242222221433333222222222222222222333333423322222222242233333322222224422233,-300,9238,40078,24508,None;None;82.0;83.0;82.0;83.0;84.0;83.0;82.0;83.0;84.0;83.0;83.0;82.0;81.0;79.0;77.0;78.0;81.0;85.0;82.0;77.0;79.0;75.0;77.0;76.0;77.0;80.0;77.0;78.0;73.0;73.0;71.0;70.0;71.0;73.0;75.0;None;75.0;77.0;74.0;78.0;71.0;71.0;66.0;67.0;63.0;64.0;63.0;None;63.0;64.0;None;None;None;None;None;65.0;65.0;65.0;None;67.0;69.0;70.0;60.0;None;None;None;61.0;None;None;None;None;56.0;57.0;57.0;59.0;61.0;None;58.0;60.0;None;57.0;61.0;65.0;65.0;62.0;66.0;68.0;69.0;69.0;68.0;63.0;64.0;64.0;64.0;66.0;None;None;None;None;None;None,None;None;35.0;34.0;39.0;19.0;20.0;47.0;35.0;28.0;29.0;31.0;33.0;32.0;42.0;44.0;70.0;65.0;35.0;19.0;26.0;41.0;29.0;57.0;39.0;52.0;47.0;43.0;56.0;65.0;82.0;59.0;82.0;85.0;68.0;65.0;56.0;None;47.0;48.0;49.0;45.0;82.0;68.0;60.0;75.0;126.0;105.0;88.0;None;125.0;49.0;None;None;None;None;None;89.0;97.0;87.0;None;74.0;79.0;70.0;159.0;None;None;None;117.0;None;None;None;None;94.0;121.0;116.0;100.0;141.0;None;105.0;85.0;None;101.0;97.0;63.0;82.0;78.0;81.0;53.0;55.0;76.0;82.0;79.0;68.0;62.0;73.0;56.0;None;None;None;None;None;None,81,92,93,97,72,65,11,86,84,,99,78,39,85,75,77,0.29,-0.03
15.875,62.26,73,9690,2024-02-12T10:39:00.000-05:00,2024-02-12T01:38:00.000-05:00,2024-02-12,2490,70,660,15360,55.0,33212211111111111111212111111222211113111112121232211111111211211111111111123331111111111111211111111111111112223111111111111111111122122322112111332111111121111111232111111123212223111112311332112311111111111111111221134332243331112222223113222322233323331232233223232333333433343311211111111111111111111111111111111111111123211111111111111111111421211111111111111111111111111111111112421111111111111111112111111111111112111111241111111111111111111111111111111111111111111111111111111111111111111111111111111332331111111111111111222111111111111111111322111111111111111111111111111111111232211111111111111111111133132111121111112222211111111132231111111111111111122111211112111111111111112111113111111111111111112212111111111111111211111111111111111222111111111111111111111111111322211112212211111111111111111111323111111111321213112222111111311111113211111111221111111212111111232111111111111111111111111111111111111111111112311111111112212222331111111111111111111122221111111111111311211111111221111111322212112111111111323123211111111111111111111111111111111111332111133222122233,0,4920,211,54,active,19080,32460,22770,long_sleep,442444444444444444442244444442221222211233242211111422222222333333322222222222223344222222222233333332442244,-300,5880,38340,24960,None;None;63.0;66.0;68.0;72.0;70.0;71.0;None;65.0;69.0;66.0;70.0;71.0;73.0;67.0;68.0;70.0;70.0;66.0;67.0;68.0;None;None;None;None;None;None;None;None;64.0;61.0;62.0;60.0;57.0;57.0;59.0;60.0;60.0;61.0;62.0;67.0;68.0;65.0;61.0;60.0;61.0;61.0;62.0;61.0;61.0;None;None;58.0;57.0;58.0;57.0;57.0;57.0;58.0;58.0;63.0;62.0;63.0;60.0;None;None;58.0;59.0;59.0;59.0;62.0;58.0;60.0;57.0;60.0;60.0;62.0;62.0;55.0;59.0;62.0;60.0;None;None;60.0;None;59.0;59.0;59.0;58.0;59.0;61.0;59.0;60.0;60.0;67.0;66.0;64.0;62.0;63.0;64.0;None;None;None;None;None;None;None,None;None;106.0;94.0;78.0;61.0;56.0;63.0;None;73.0;53.0;75.0;61.0;57.0;58.0;40.0;41.0;61.0;59.0;45.0;81.0;62.0;None;None;None;None;None;None;None;None;60.0;91.0;81.0;79.0;67.0;85.0;53.0;56.0;57.0;64.0;81.0;55.0;56.0;48.0;61.0;40.0;56.0;64.0;65.0;72.0;80.0;None;None;92.0;52.0;82.0;71.0;74.0;72.0;79.0;53.0;49.0;78.0;67.0;107.0;None;None;71.0;79.0;74.0;79.0;53.0;59.0;100.0;89.0;101.0;62.0;66.0;70.0;97.0;89.0;62.0;75.0;None;None;82.0;None;96.0;73.0;89.0;85.0;98.0;85.0;100.0;61.0;69.0;35.0;53.0;53.0;74.0;80.0;82.0;None;None;None;None;None;None;None,60,44,78,48,89,53,10,85,95,,65,51,97,89,64,75,-0.33,-0.22
14.625,58.87,110,2620,2024-02-13T09:33:32.000-05:00,2024-02-13T02:07:22.000-05:00,2024-02-13,8100,90,1590,11490,52.0,22231111111111112311111231111311111111111111132111211121111111111111111111111111111111111111111111111111111111111111111111111111111111111111211121222111111111111111111111111111111111111112111111111111111111111111211111111111111111111112221123122111211111111111121111111111111111111111222323211111211111111111111111111111111111111111111121111111111112211132111211111111121111111111111111111112111132221121231111111111111111211111111111113211211111111111111111111111111111111111111111111111111111111111111111111111111111111111111111111111111111111111111111111111113222111111111111211111111231111211111112112123111111121111111111123111111111121111111111111111111111111111111111111111122211111111111111122121111111111311111111111111111311111111121111111111111111133112322111111111111111133311111111132121111321111111111222111111111111111232313111111111111111111111111111111111111111111111113232223,0,4560,198,69,active,13830,26770,24150,long_sleep,44444221111111122222111122211221112223333333222111111111223332222221122233334244222222233,-300,7642,34412,21472,77.0;76.0;77.0;71.0;69.0;66.0;64.0;63.0;63.0;62.0;61.0;62.0;61.0;62.0;60.0;57.0;58.0;59.0;60.0;58.0;60.0;61.0;60.0;59.0;59.0;59.0;59.0;60.0;59.0;60.0;57.0;58.0;58.0;59.0;58.0;57.0;59.0;63.0;62.0;61.0;55.0;58.0;59.0;59.0;55.0;55.0;55.0;55.0;56.0;56.0;55.0;56.0;57.0;56.0;56.0;56.0;55.0;55.0;60.0;57.0;56.0;61.0;59.0;54.0;54.0;54.0;55.0;56.0;57.0;52.0;52.0;54.0;58.0;59.0;61.0;59.0;59.0;59.0;59.0;56.0;54.0;52.0;54.0;56.0;54.0;None;None;None;None;None,31.0;35.0;40.0;66.0;80.0;100.0;96.0;108.0;74.0;131.0;127.0;125.0;131.0;77.0;126.0;128.0;114.0;109.0;117.0;102.0;132.0;108.0;118.0;146.0;108.0;98.0;98.0;88.0;106.0;81.0;97.0;109.0;93.0;116.0;91.0;127.0;102.0;83.0;91.0;107.0;82.0;73.0;78.0;86.0;95.0;95.0;104.0;114.0;123.0;140.0;148.0;136.0;162.0;155.0;170.0;161.0;153.0;122.0;106.0;90.0;85.0;54.0;72.0;95.0;96.0;98.0;96.0;92.0;102.0;124.0;124.0;116.0;97.0;109.0;73.0;88.0;105.0;114.0;113.0;139.0;131.0;132.0;115.0;104.0;120.0;None;None;None;None;None,65,100,72,95,67,85,19,84,97,,96,72,63,100,74,82,0.11,0.16
16.875,64.71,82,8941,2024-02-13T19:16:03.000-05:00,2024-02-13T15:20:02.000-05:00,2024-02-14,1380,37,540,2880,58.0,22111111321111322112111111111111111111111111111111111111111111111111111124211111111111112332111111122111111111111111123311111111211111111111111111113221113211111111111111111111111233211111122122222123434444444433334432222222223333323333333334334344444433333333322324332223122334324433122332333123433333232333322223322234323332224333223332233333233343332232223311211323322233223223343232223333333323233222322233333331112233442332242234333333333333333333321211111111111111331,0,960,53,69,rewarded,3180,14161,5220,late_nap,44211111222323332222444444444444444444444444444,-300,55202,-17037,58382,58.0;64.0;64.0;63.0;65.0;65.0;65.0;66.0;63.0;61.0;61.0;65.0;65.0;66.0;71.0;69.0;67.0;64.0;66.0;68.0;63.0;None;None;None;None;None;None;None;None;None;None;None;None;None;None;None;None;None;None;None;None;None;None;None;None;None;None;None,128.0;105.0;89.0;80.0;64.0;69.0;67.0;65.0;125.0;119.0;110.0;97.0;126.0;62.0;54.0;82.0;98.0;85.0;89.0;84.0;109.0;None;None;None;None;None;None;None;None;None;None;None;None;None;None;None;None;None;None;None;None;None;None;None;None;None;None;None,10,25,16,6,83,27,1,87,100,77,96,1,64,67,42,84,-0.11,0.05
14.875,59.41,102,2520,2024-02-14T09:26:33.000-05:00,2024-02-14T02:40:33.000-05:00,2024-02-14,5010,90,900,12540,53.0,21131111111111111322111112322111111111121111112111111133111111111111211111111111111111111111111111111111342111111111111111111111111111111111122111111112111111111111111111111111111111111111111111111111111111111111111111111111211111111112111111111111111111111111123432111111321111142111111122111112221111111131111111111111111111111121111111111111111111111111111111111121131121211111211111111111111111111111111111111113111111111111211111111132211111111111111111111111111111231111111232211111111111111111111121111111111123211123111111111123222111111111111111111111111111111233211111121111111122111112211111112211211121111111111112111111113111111113121121111111111111111111111211111132332121111111111211133221111121211111111111111111122111111111111211111221111111222111113211111112122221111111111111133211211111312322,1,4290,223,64,active,12180,24360,21840,long_sleep,444221211111112222111111114222223333332222222222222222222433333322222222222224344,-300,9633,33993,21813,72.0;68.0;65.0;69.0;67.0;64.0;63.0;61.0;61.0;61.0;61.0;None;60.0;59.0;64.0;63.0;65.0;62.0;61.0;62.0;62.0;61.0;60.0;60.0;60.0;60.0;None;None;55.0;53.0;60.0;53.0;56.0;57.0;58.0;59.0;62.0;58.0;61.0;63.0;61.0;61.0;58.0;53.0;54.0;59.0;59.0;61.0;58.0;56.0;56.0;56.0;59.0;55.0;54.0;54.0;56.0;61.0;None;61.0;60.0;61.0;58.0;60.0;58.0;57.0;60.0;58.0;59.0;56.0;54.0;53.0;54.0;56.0;57.0;59.0;59.0;None;None;None;None;None,83.0;97.0;142.0;99.0;97.0;103.0;103.0;107.0;118.0;125.0;133.0;None;146.0;147.0;101.0;97.0;89.0;122.0;124.0;123.0;121.0;127.0;135.0;132.0;137.0;149.0;None;None;88.0;74.0;74.0;95.0;72.0;87.0;77.0;74.0;80.0;98.0;62.0;53.0;61.0;71.0;122.0;163.0;147.0;83.0;109.0;114.0;125.0;53.0;92.0;94.0;89.0;114.0;113.0;64.0;68.0;102.0;None;93.0;93.0;66.0;101.0;82.0;90.0;93.0;76.0;82.0;100.0;147.0;133.0;107.0;125.0;128.0;107.0;94.0;111.0;None;None;None;None;None,57,86,68,95,99,64,19,89,100,82,100,65,71,100,67,79,-0.14,0.05
15.875,,,750,2024-02-14T20:23:03.000-05:00,2024-02-14T19:51:03.000-05:00,2024-02-15,240,61,900,930,,31211122211111111111111111112221112111111111111111111332111111111,0,0,12,30,active,1230,1920,1170,,442221,-300,-14937,-13017,-13707,None;None;None;None;None;None,None;None;None;None;None;None,2,4,1,32,99,99,11,84,,82,88,15,,,39,61,,-0.17
14.75,58.74,77,3780,2024-02-15T09:48:33.000-05:00,2024-02-15T01:34:33.000-05:00,2024-02-15,5520,87,1440,14340,54.0,3311111322213311111111123222111111111111111123211111111111222111111111111123222111332221211111111111113211111111111111111221111113311111111111111111111111111123211111111111122211111111111122111111111121121111111111111111111111111111132111111112111111122211111111121111111113311111111111111111111111111111111111111111111111111111332321111111111111111111123221111111111111111111222112132111111111111111111111111111122111111121111111111221111111122212111121111111111131111211111111111111111111111111211111111112111111111112111111111112232111111111111111111111111111111111232111111111111113221111111111111122132111111111111111122111111111111123222211111111111111111111121112111111122111111111111111111111111122111111111111113211121111112211111111111111111111111322111111111111111112211211111312121111111222111111111111221212112222231111211111111111111111133111111111111112132112111111111111111112332122112111112112211111111111111111333332233111111111111111321111111111111221111111111111111133,1,6000,280,71,active,15690,29640,25860,long_sleep,444441444222221122222222221211111222222233333332222112221111423333322211222222333333242222222422334,-300,5673,35313,21363,None;None;63.0;64.0;64.0;63.0;62.0;63.0;65.0;65.0;61.0;56.0;55.0;54.0;55.0;56.0;57.0;61.0;61.0;59.0;59.0;62.0;62.0;60.0;56.0;56.0;58.0;59.0;59.0;59.0;58.0;59.0;58.0;61.0;55.0;56.0;58.0;58.0;55.0;56.0;60.0;60.0;59.0;63.0;57.0;56.0;57.0;59.0;58.0;57.0;58.0;58.0;59.0;59.0;56.0;56.0;57.0;56.0;54.0;57.0;56.0;60.0;61.0;57.0;65.0;62.0;63.0;59.0;58.0;57.0;58.0;57.0;57.0;56.0;54.0;56.0;56.0;56.0;60.0;63.0;63.0;65.0;60.0;61.0;60.0;60.0;57.0;55.0;57.0;56.0;56.0;58.0;59.0;62.0;None;None;None;None;None,None;None;126.0;91.0;89.0;98.0;106.0;87.0;85.0;79.0;76.0;99.0;84.0;80.0;79.0;80.0;84.0;64.0;55.0;84.0;75.0;63.0;54.0;70.0;53.0;56.0;47.0;78.0;72.0;72.0;63.0;60.0;84.0;88.0;59.0;59.0;54.0;72.0;85.0;83.0;68.0;64.0;91.0;77.0;99.0;89.0;83.0;68.0;72.0;73.0;67.0;86.0;72.0;105.0;78.0;99.0;85.0;72.0;137.0;52.0;54.0;74.0;70.0;72.0;84.0;67.0;62.0;72.0;72.0;95.0;84.0;95.0;92.0;59.0;98.0;98.0;78.0;85.0;79.0;69.0;70.0;57.0;81.0;91.0;79.0;91.0;86.0;99.0;116.0;131.0;91.0;66.0;85.0;89.0;None;None;None;None;None,72,94,94,88,75,71,20,84,100,80,88,75,100,92,72,83,-0.07,-0.08
15.25,61.22,83,4976,2024-02-16T08:05:56.000-05:00,2024-02-16T00:12:00.000-05:00,2024-02-16,6000,83,3690,12510,51.0,322323211123131211111111111111111111111222333232222221111111221112222122221111111111111111111121121111332233311122222111111111111111111111111111111231111111121111111111111121111111111111111113111111111122111112321111111111111231111111111111112111111111221111111111111111112111111111111111111111122232111111112111111111111111111111112111113211111111111111311211111111111111111111111111111111111111111111111111111111111123111111212111111111111111111112222211111111111111111111111111111111111111111111111111111111132111111111111111211121123211111121111111112111311111122111111111111111111122111121111111111111111331111332111112113211111111111111111111111111111111111111111111111111111112232111111111111111111112121111111132111232111122111111112211321111111112211111111111311111111111311112113231111111122133111111111111111112111211112111111111111221111111111112111111111111111111311111111111111111323311121111111111111121112111111113211133323223332331,0,4950,238,63,active,15510,28436,23460,long_sleep,44444444444422111111222111111143332222111122222211122333322224222211222223333333222222222442344,-300,720,29156,16230,None;None;82.0;81.0;None;73.0;74.0;72.0;74.0;73.0;71.0;None;76.0;79.0;73.0;66.0;65.0;65.0;65.0;64.0;64.0;63.0;63.0;62.0;63.0;63.0;63.0;63.0;63.0;62.0;None;64.0;66.0;63.0;60.0;62.0;62.0;62.0;60.0;59.0;59.0;59.0;57.0;53.0;51.0;58.0;57.0;58.0;58.0;59.0;59.0;56.0;58.0;59.0;58.0;60.0;56.0;55.0;56.0;57.0;58.0;57.0;59.0;57.0;57.0;57.0;58.0;58.0;59.0;59.0;59.0;57.0;57.0;60.0;56.0;59.0;58.0;57.0;56.0;60.0;56.0;56.0;55.0;56.0;57.0;57.0;57.0;56.0;55.0;58.0;None;None;None;None;None,None;None;43.0;48.0;None;60.0;59.0;59.0;51.0;52.0;43.0;None;35.0;39.0;38.0;70.0;51.0;55.0;53.0;92.0;75.0;63.0;66.0;64.0;61.0;70.0;64.0;59.0;66.0;69.0;None;54.0;60.0;60.0;89.0;74.0;79.0;73.0;81.0;91.0;90.0;91.0;122.0;165.0;222.0;86.0;84.0;73.0;112.0;78.0;83.0;129.0;113.0;81.0;72.0;75.0;102.0;68.0;89.0;77.0;67.0;78.0;88.0;81.0;77.0;77.0;82.0;83.0;83.0;69.0;74.0;76.0;96.0;90.0;117.0;76.0;92.0;88.0;77.0;92.0;121.0;116.0;137.0;126.0;118.0;97.0;85.0;109.0;95.0;90.0;None;None;None;None;None,63,97,78,76,9,73,54,90,95,86,92,62,69,100,64,80,0.13,0.11
15.25,84.0,,1981,2024-02-16T18:35:31.000-05:00,2024-02-16T18:02:30.000-05:00,2024-02-17,0,0,0,0,79.0,1211111132211222222321121111111111111111111133223322123232222222331,0,0,0,21,active,0,1981,0,,4444444,-300,-21450,-19469,,None;85.0;87.0;85.0;79.0;None;None,None;54.0;47.0;45.0;64.0;None;None,1,1,1,1,59,99,1,86,,86,85,2,9,1,67,50,,-0.11
15.5,74.13,55,1620,2024-02-17T06:43:29.000-05:00,2024-02-17T01:03:29.000-05:00,2024-02-17,4500,92,510,11700,60.0,33212111111221321111111111111111111111111111131111111111111111132111111111111111111111111111111111131111111111111111322122212212112121132111112211121321111112121111112311111111111111111111111111111111111111111111112132111111211112231111133111111111111111111111111112111121133111111111111111111111111111111111111111111111111111111111111111112331111111111111133111111111111111113111211112121111111121111212112123121111111111111131111111111111111111111111111111111111111111111211111111111111111111111111111111111111111111111111111111113311111222222111111111111111111111123111111111111111111111111111111123122123211111111111111111111112223211111111111111321131111231112221321123111111,1,2580,181,62,active,10290,20400,18780,long_sleep,42211111111122222222212222142111114243333332222222222242222222222333,-300,3809,24209,14099,None;None;None;None;95.0;87.0;86.0;85.0;85.0;85.0;86.0;88.0;87.0;83.0;82.0;85.0;81.0;83.0;83.0;83.0;84.0;84.0;78.0;79.0;76.0;78.0;78.0;76.0;76.0;77.0;78.0;77.0;77.0;76.0;76.0;73.0;None;74.0;70.0;68.0;68.0;67.0;70.0;69.0;68.0;69.0;69.0;69.0;69.0;68.0;69.0;69.0;68.0;69.0;63.0;64.0;65.0;65.0;62.0;63.0;62.0;62.0;63.0;63.0;61.0;63.0;60.0;None,None;None;None;None;17.0;19.0;17.0;19.0;16.0;15.0;20.0;19.0;36.0;40.0;49.0;45.0;39.0;44.0;35.0;33.0;27.0;23.0;53.0;35.0;60.0;43.0;38.0;60.0;48.0;49.0;44.0;43.0;40.0;47.0;50.0;61.0;None;54.0;71.0;80.0;78.0;92.0;81.0;75.0;56.0;67.0;56.0;65.0;62.0;59.0;61.0;59.0;70.0;52.0;98.0;98.0;106.0;119.0;88.0;88.0;98.0;88.0;59.0;66.0;92.0;88.0;82.0;None,45,77,42,97,83,73,72,87,70,77,90,62,23,43,60,59,0.42,0.13
,,,,2024-02-18T03:50:00.000-05:00,2024-02-18T00:48:00.000-05:00,2024-02-18,,,,,,,0,,,,active,,10920,,,,-300,2880,13800,,,,,,,,,,,,,,,,,,,,,
14.625,54.82,94,3210,2024-02-19T09:20:32.000-05:00,2024-02-19T02:20:32.000-05:00,2024-02-19,4170,87,30,12210,50.0,211111111111111111111111111111111111111111111111111111111111111124211121111111111121212122111111111111111112111111122111111113213121212211111111111111111111111111111124221111111112111111111111111111111111111111111112331111111111123211111111112111122111111111111331111111111111112111111111112111111111211111111112221112213112121111112121111111111111111111111111112111111111331121111211121111111131111221111111111111113211111111122332111111111111111111112322111111111111111111112132111122111111111111111111111321111111321131111111311111111111111111111111111111111111111111111111111321111111111111111111111111111111243111111111111112331111111221121131111111111111111111111231111123112121121131121211211112211111322212122111121111112111111111122111113321111111111111113332311111111111111111111111133322123233222332212223222222122223221122211122,0,5610,247,58,active,11940,25200,21990,long_sleep,211111441222221114211122224333332222222221242222333332222222142233333333222242244444,-300,8432,33632,20372,None;55.0;55.0;56.0;56.0;56.0;56.0;None;56.0;54.0;62.0;60.0;56.0;55.0;55.0;55.0;55.0;None;53.0;54.0;54.0;53.0;52.0;50.0;53.0;53.0;None;None;54.0;58.0;57.0;55.0;52.0;55.0;55.0;56.0;54.0;54.0;55.0;57.0;55.0;57.0;55.0;55.0;50.0;51.0;53.0;55.0;58.0;61.0;63.0;58.0;54.0;52.0;52.0;52.0;51.0;52.0;52.0;55.0;55.0;55.0;None;52.0;55.0;54.0;53.0;55.0;56.0;59.0;58.0;56.0;54.0;53.0;54.0;55.0;56.0;None;52.0;53.0;None;None;None;None,None;108.0;86.0;91.0;168.0;147.0;164.0;None;176.0;114.0;75.0;66.0;85.0;88.0;84.0;56.0;57.0;None;69.0;76.0;78.0;92.0;97.0;81.0;68.0;105.0;None;None;85.0;77.0;81.0;87.0;100.0;74.0;57.0;49.0;51.0;63.0;70.0;98.0;126.0;88.0;74.0;91.0;123.0;104.0;108.0;97.0;85.0;97.0;79.0;94.0;98.0;103.0;86.0;76.0;62.0;71.0;64.0;81.0;68.0;67.0;None;79.0;112.0;100.0;135.0;104.0;117.0;102.0;95.0;108.0;122.0;136.0;118.0;155.0;124.0;None;141.0;83.0;None;None;None;None,57,72,89,88,62,47,23,88,100,79,93,56,88,100,56,78,-0.03,0.16
14.625,,,661,2024-02-19T17:54:03.000-05:00,2024-02-19T17:37:32.000-05:00,2024-02-19,0,33,0,330,,3312211111111123211111111111111111,1,0,2,22,active,750,991,330,,442,-300,63452,64443,64202,None;None;None,None;None;None,1,1,1,4,59,99,1,88,,76,93,2,,,32,56,,0.23
15.125,62.59,105,4300,2024-02-20T10:30:43.000-05:00,2024-02-20T02:28:03.000-05:00,2024-02-20,3930,85,1050,15150,54.0,323221222322222222321112211123111111111111111111112111111111232111111111111111233222111211111111111122232111111212211111111111111111221111111311112431111111111112211211112212211112111221111111111111111111111131111111111111111112211111111111111112111111111111111111111111111111111111111111111111111232211112212211111111111112211111111113342111111111111111111111111111111111111111111111221111111111111111111111111111112221111111111111123111111111121211221132111111111111111111111111111111112232121111111111111111112111111122221111111111111111232112111111211112211111111111111111111111111111231111111113121212111111111111131231211112111321111111111111111111111111131111111111111111231111111111124311222211111111111111111123111233211111111111111111111111113211122111111112231111111212111111111112111111111132111111121211111123211111321122111111111241111111111113323322121113331111111111111111111111111111111111111111111112331111111111111111111111111111111221211112123321,0,5580,256,63,active,14970,28960,24660,long_sleep,4444212244421242233333322111112222411112212332221222222223323333222224424223333322222244222242224,-300,8883,37843,23853,None;None;None;75.0;72.0;72.0;71.0;70.0;71.0;69.0;70.0;66.0;68.0;69.0;69.0;67.0;67.0;67.0;68.0;68.0;70.0;71.0;66.0;69.0;67.0;68.0;67.0;66.0;64.0;63.0;59.0;54.0;55.0;None;None;59.0;62.0;62.0;61.0;57.0;58.0;59.0;59.0;65.0;62.0;60.0;56.0;57.0;59.0;54.0;56.0;57.0;57.0;56.0;56.0;54.0;55.0;59.0;62.0;62.0;60.0;63.0;65.0;65.0;64.0;62.0;61.0;61.0;57.0;58.0;None;58.0;59.0;58.0;60.0;64.0;63.0;59.0;59.0;60.0;None;59.0;59.0;59.0;61.0;61.0;None;59.0;60.0;61.0;61.0;None;None;65.0;68.0;70.0;64.0,None;None;None;54.0;68.0;68.0;84.0;83.0;84.0;94.0;94.0;115.0;110.0;108.0;94.0;57.0;82.0;98.0;109.0;72.0;63.0;77.0;127.0;65.0;65.0;69.0;81.0;97.0;120.0;126.0;129.0;187.0;158.0;None;None;159.0;137.0;159.0;166.0;126.0;130.0;131.0;131.0;104.0;144.0;111.0;86.0;125.0;99.0;142.0;142.0;148.0;121.0;108.0;86.0;121.0;127.0;72.0;69.0;128.0;96.0;74.0;119.0;82.0;68.0;104.0;117.0;83.0;119.0;109.0;None;117.0;128.0;121.0;101.0;79.0;87.0;92.0;82.0;62.0;None;113.0;108.0;97.0;87.0;87.0;None;109.0;110.0;101.0;105.0;None;None;90.0;76.0;72.0;78.0,67,68,88,83,91,53,13,85,96,80,49,65,87,84,46,70,0.12,0.31
14.875,60.41,70,5040,2024-02-21T09:55:30.000-05:00,2024-02-21T01:14:30.000-05:00,2024-02-21,5250,84,3330,15330,55.0,3321332213232111231132223311322111111111131111111111111111111111111113221121111111111111111131111111123333311111111111111111111111232111111111121111111111111112211111111111221112223211111111111111111231111111111112111111111111111211111111111111132221221111111111111111112111111111111111111111111111121211111111111112211111321122111111221111111111111111111111111111111111232111111111111321111112221111111111211111111111111111321111112111111111111111113211111111111111111111222112232111111111111111111111111111111111111111111133333321111111112111111111111111111111111112321111111111111111111111111111111132211111111111122111111112311111111112221111111111111111111111111111111312231111111111111111111121111111111111111111111111111111111111111111111111111111111333212111111111111111111111111211212111112311111111111112122111112211131111111111112211111111111111111111111111111233211112211111111113122222111212221112311111111111111111442111131111121111111121111111111111111111111233331234433111111111121111111111111111111111111111111111111111111242,0,5640,239,61,active,16710,31260,26220,long_sleep,44444444444221111122222112211121222112333332222222214422122223333333222222114222333323242222222224422333,-300,4470,35730,21180,None;None;None;None;73.0;72.0;73.0;72.0;77.0;74.0;None;None;63.0;63.0;61.0;61.0;61.0;58.0;59.0;63.0;67.0;67.0;66.0;63.0;63.0;59.0;58.0;59.0;58.0;58.0;59.0;58.0;58.0;57.0;58.0;58.0;57.0;59.0;59.0;65.0;58.0;59.0;60.0;59.0;59.0;59.0;58.0;59.0;58.0;57.0;58.0;58.0;None;None;56.0;57.0;58.0;58.0;58.0;58.0;63.0;61.0;62.0;61.0;58.0;58.0;59.0;63.0;59.0;58.0;57.0;58.0;59.0;58.0;59.0;59.0;None;60.0;58.0;61.0;60.0;60.0;60.0;60.0;60.0;60.0;61.0;None;None;58.0;57.0;62.0;55.0;56.0;57.0;58.0;59.0;None;None;57.0;57.0;63.0;59.0;64.0;None,None;None;None;None;48.0;44.0;40.0;44.0;50.0;45.0;None;None;58.0;54.0;76.0;71.0;75.0;110.0;94.0;68.0;44.0;36.0;40.0;49.0;51.0;69.0;57.0;96.0;108.0;88.0;64.0;51.0;51.0;71.0;58.0;51.0;53.0;51.0;49.0;59.0;65.0;58.0;52.0;69.0;54.0;52.0;50.0;56.0;86.0;48.0;83.0;85.0;None;None;61.0;76.0;83.0;64.0;53.0;59.0;65.0;80.0;64.0;65.0;72.0;94.0;78.0;46.0;81.0;80.0;82.0;67.0;75.0;71.0;76.0;75.0;None;91.0;108.0;75.0;58.0;81.0;80.0;69.0;59.0;62.0;60.0;None;None;94.0;88.0;87.0;82.0;90.0;99.0;78.0;99.0;None;None;79.0;78.0;58.0;95.0;61.0;None,73,90,89,81,14,54,20,91,100,70,94,61,100,77,48,74,0.0,0.05
15.0,57.6,96,2400,2024-02-22T10:16:00.000-05:00,2024-02-22T01:52:00.000-05:00,2024-02-22,7470,92,180,14460,51.0,321111111111112111111111111111111111111123211111111221111111111111111111111111111111122111111222111111111112112212111111111111111111111122222111211111121211111111111111111111111111132311212111121111111111112111111111321212111111111121111111112111111111111111111112233211132321111111111121111111111111111111111211111111111111111111111111111111111111111111111111111111111111111111111111111111111111112211111122211111111212211132111111111111111111231111111111111111111111111111111111111112211111211111211111113322211112111112211111111111111111111111111111111111111111113232111111111111111112123111111112322111111111221111111111111111112211111112321112111211111121111111111111111111112111131111111111111211111111111111111211111111111111112111111132212322111111111111111111111232111111111111111112231124421111111111111111221111111111111111123111111111111111113311121111111111111111111111111111111111111111111111111123311111111111311111113311111111111122311111111111111111111111111111113333343332111111221112222222,0,5910,265,73,active,14670,30240,27840,long_sleep,42212211111211211123333221122211111111112333333222222211122222333333322222422224423333222224222223444,-300,6720,36960,21390,None;70.0;67.0;67.0;68.0;66.0;66.0;66.0;67.0;64.0;64.0;61.0;61.0;62.0;59.0;58.0;59.0;58.0;61.0;63.0;67.0;64.0;59.0;58.0;58.0;58.0;58.0;57.0;56.0;56.0;56.0;55.0;56.0;56.0;55.0;56.0;54.0;54.0;55.0;54.0;56.0;61.0;60.0;58.0;60.0;56.0;56.0;55.0;54.0;53.0;54.0;56.0;57.0;58.0;58.0;59.0;59.0;56.0;57.0;54.0;51.0;52.0;56.0;59.0;61.0;55.0;61.0;60.0;57.0;55.0;54.0;54.0;53.0;54.0;53.0;54.0;55.0;52.0;57.0;None;None;54.0;None;None;53.0;56.0;56.0;56.0;55.0;55.0;56.0;55.0;53.0;52.0;53.0;53.0;55.0;56.0;None;None;None,None;54.0;76.0;56.0;64.0;101.0;60.0;82.0;64.0;72.0;122.0;129.0;85.0;76.0;96.0;106.0;94.0;110.0;104.0;66.0;41.0;71.0;68.0;66.0;85.0;92.0;98.0;112.0;110.0;84.0;98.0;86.0;108.0;115.0;118.0;115.0;114.0;111.0;87.0;122.0;128.0;87.0;105.0;102.0;79.0;83.0;71.0;68.0;73.0;82.0;103.0;84.0;72.0;83.0;91.0;88.0;77.0;120.0;97.0;102.0;136.0;122.0;93.0;76.0;91.0;113.0;91.0;101.0;95.0;116.0;109.0;110.0;108.0;135.0;132.0;135.0;107.0;125.0;104.0;None;None;143.0;None;None;142.0;104.0;122.0;118.0;123.0;100.0;84.0;129.0;65.0;88.0;146.0;118.0;101.0;103.0;None;None;None,79,100,93,97,67,61,20,86,96,86,79,77,83,100,51,79,0.11,0.07
17.25,,,750,2024-02-22T23:43:00.000-05:00,2024-02-22T23:30:30.000-05:00,2024-02-23,0,0,0,0,,22121221211112322223223221,0,0,0,29,active,0,750,0,,444,-300,-1770,-1020,,None;None,None;None,1,1,1,1,59,99,84,88,,79,96,13,,,49,63,,0.08
14.375,55.56,88,3090,2024-02-23T09:58:30.000-05:00,2024-02-23T01:39:30.000-05:00,2024-02-23,6450,90,30,12930,51.0,11111111111111111111111111111111111111111111111111111111113332111332111111111111112111111111121211111111111111111111111113311111111111111111111111111111111111111111111123111111111111112321211111111111111112212211111111111111111111111111111112332111111111111111111111111232111111111111111121221111132111111111111111111111122113121211111111111111111111111232111111111111111111111111111111111111111111111111111111111111111111111132323211111111111111111111211111111111111111111111221111112222312111111111122221111111111111111111111123311111112211112211111111111111111221111111111111111111111111111111111111111111111111111111111111111111111112323322211111111112211121112122211111111221222211112211111111111321111111111111111111111111111111111111111111111321111111111111111111111111211111111131111111111111111112221111111111111332212111113211111111111111111111111113332331111111111111111111112111111111111212111111111333111111111111113321111111111111111111111133223211111333221113212222222223222222222222,1,7470,205,73,active,14040,29940,26850,long_sleep,2111114212111111121222212233333332222222211222212233333222221111223333333332222222422342332422344444,-300,5970,35910,20010,54.0;56.0;55.0;56.0;56.0;56.0;55.0;None;58.0;60.0;60.0;59.0;58.0;56.0;57.0;57.0;57.0;57.0;55.0;55.0;53.0;54.0;55.0;55.0;55.0;58.0;60.0;61.0;58.0;62.0;58.0;57.0;59.0;57.0;57.0;55.0;53.0;53.0;55.0;55.0;55.0;55.0;56.0;53.0;53.0;54.0;53.0;54.0;55.0;54.0;56.0;59.0;60.0;61.0;56.0;55.0;53.0;54.0;55.0;55.0;55.0;55.0;56.0;57.0;57.0;54.0;56.0;58.0;60.0;55.0;52.0;56.0;55.0;57.0;56.0;57.0;53.0;52.0;52.0;52.0;52.0;51.0;None;None;51.0;55.0;None;54.0;53.0;54.0;54.0;None;52.0;53.0;53.0;None;None;None;None;None,102.0;77.0;68.0;50.0;57.0;84.0;71.0;None;57.0;71.0;74.0;53.0;70.0;78.0;90.0;92.0;94.0;98.0;97.0;78.0;97.0;106.0;70.0;78.0;130.0;83.0;77.0;73.0;99.0;86.0;66.0;74.0;75.0;70.0;70.0;57.0;76.0;101.0;85.0;99.0;112.0;104.0;109.0;97.0;61.0;63.0;86.0;81.0;82.0;66.0;67.0;70.0;73.0;64.0;65.0;79.0;111.0;73.0;91.0;87.0;86.0;91.0;84.0;84.0;91.0;129.0;109.0;99.0;91.0;122.0;139.0;124.0;120.0;88.0;108.0;113.0;86.0;68.0;75.0;85.0;81.0;95.0;None;None;131.0;106.0;None;108.0;97.0;138.0;90.0;None;108.0;88.0;111.0;None;None;None;None;None,76,98,100,95,62,63,24,88,100,81,96,77,100,100,54,83,-0.09,0.05
14.375,,,540,2024-02-23T15:30:00.000-05:00,2024-02-23T15:21:00.000-05:00,2024-02-23,0,0,0,0,,2111111111111111111,2,0,0,21,active,0,540,0,,44,-300,55260,55800,,None,None,1,1,1,1,59,99,1,88,,79,96,2,,,49,61,,0.08
16.25,76.2,38,3330,2024-02-24T10:04:02.000-05:00,2024-02-24T01:59:02.000-05:00,2024-02-24,8130,89,480,12540,61.0,2222122223311111111111111111111111111111111112221111111111111111111111111111111111111111111111111111111111111111111111111111111111112221111111111111111111111111111111112111111111111111111111111111111111121111221111221111111111111111111111111111111111111111111111111111111111131111111111111111111111111111111111111111111111111211111322111111111111111111111133111211111131111111112331122111121111111111111111111111111111111111211111111111111111111111111111111111111111123331121111111111111111111111111111111111111111123121113211111113321112121321111113211111111113111111111131111111211111111133433332221112211111211111211111111111111111111111111111111111111111111111111132321111111111222111111111111131111111322213212211111322311111111121211112221111111111123322111111112111111111333222321111211111112211111121111111111113111111111212111111111111111111111111111111111111111111113232131111111211111111221111111111111111111111111112111123212321321111111111111111111111332213,0,5100,200,72,active,14250,29100,25770,long_sleep,4421122111111111121122211111211112333322221111122222244333344222222222244333334222222222223333224,-300,7142,36242,21392,None;None;None;None;None;None;92.0;85.0;86.0;86.0;86.0;86.0;86.0;87.0;None;None;None;None;None;None;86.0;85.0;84.0;84.0;84.0;83.0;83.0;84.0;81.0;82.0;82.0;81.0;81.0;78.0;84.0;83.0;84.0;82.0;82.0;77.0;75.0;77.0;78.0;77.0;77.0;77.0;77.0;71.0;71.0;72.0;72.0;72.0;69.0;72.0;None;71.0;70.0;73.0;76.0;83.0;None;76.0;73.0;77.0;77.0;80.0;81.0;69.0;73.0;76.0;78.0;73.0;73.0;76.0;80.0;84.0;71.0;72.0;None;71.0;69.0;70.0;66.0;68.0;69.0;69.0;70.0;70.0;61.0;61.0;62.0;66.0;69.0;62.0;68.0;67.0;67.0,None;None;None;None;None;None;16.0;25.0;24.0;21.0;21.0;19.0;20.0;17.0;None;None;None;None;None;None;19.0;23.0;27.0;26.0;26.0;27.0;28.0;35.0;37.0;31.0;29.0;31.0;41.0;52.0;10.0;16.0;32.0;33.0;37.0;36.0;43.0;29.0;25.0;27.0;29.0;34.0;29.0;64.0;48.0;49.0;45.0;45.0;40.0;55.0;None;53.0;59.0;71.0;38.0;19.0;None;59.0;57.0;53.0;48.0;48.0;47.0;64.0;69.0;53.0;44.0;48.0;52.0;55.0;33.0;20.0;48.0;42.0;None;66.0;51.0;39.0;73.0;72.0;50.0;42.0;45.0;42.0;81.0;62.0;75.0;61.0;70.0;103.0;58.0;60.0;62.0,72,100,80,93,81,70,20,86,90,64,94,75,6,26,60,60,0.18,0.13
15.5,57.54,110,3933,2024-02-25T11:30:30.000-05:00,2024-02-25T01:45:57.000-05:00,2024-02-25,6720,89,1050,17070,51.0,322221222211111111111111112112332211111111111111111111111111111111111111111231111131112212112211111111111111111111321111111111111111111211111111111111111111112111111111111122112111111111111111111112111111111111111111113211112111111111111211111111111111211111111111111111111111111111111111211111111122121111111111111111111111112112111111112111111111111111111211111111211111111131111111111211113211111131211112112232212111333211212111112211111111231111112132123211111232211111111112121111111111111111121111111111111111111111111111111111111111111111111111111331111121111111111111111111111111111131111133211211121111111112111111132221111111111111111113111111111111111111111111111111111112111111111322133311121111111111111111111132112211111113112132211111111111221111111111211111111111111221211122221211121111111112211111111111111111111111111111111111111111331111132111112111121111111121111111133121111111111111111221111111211111111111111111111333222311111321112322332111111111111111212121111112211111111111111111111344331111112321322311111111111333111111111111111111111111111111111111111111133323322111111111121112111111111112111121112111111111111111111111112111123233332343,0,7350,343,79,active,17400,35073,31140,long_sleep,444421112211111111221122211112222222333334443422221111112222233322222422233333333322222222222244333334424222242222224,-300,6357,41430,23757,None;None;None;76.0;70.0;69.0;69.0;69.0;62.0;61.0;62.0;63.0;59.0;59.0;59.0;59.0;60.0;60.0;64.0;66.0;65.0;64.0;59.0;60.0;59.0;60.0;60.0;60.0;58.0;56.0;55.0;56.0;58.0;55.0;57.0;57.0;59.0;62.0;59.0;57.0;56.0;64.0;None;None;55.0;53.0;56.0;53.0;54.0;54.0;55.0;55.0;57.0;54.0;54.0;55.0;53.0;53.0;53.0;54.0;54.0;58.0;59.0;57.0;56.0;56.0;55.0;55.0;55.0;54.0;51.0;53.0;56.0;56.0;56.0;58.0;64.0;None;None;55.0;57.0;55.0;54.0;53.0;53.0;55.0;54.0;52.0;55.0;55.0;54.0;56.0;54.0;55.0;58.0;60.0;61.0;57.0;57.0;61.0;61.0;57.0;None;54.0;55.0;54.0;55.0;55.0;57.0;None;51.0;54.0;56.0;57.0;57.0;57.0;59.0,None;None;None;36.0;42.0;45.0;42.0;44.0;100.0;96.0;87.0;90.0;112.0;116.0;124.0;111.0;107.0;115.0;83.0;52.0;54.0;63.0;134.0;135.0;84.0;92.0;98.0;92.0;113.0;127.0;139.0;159.0;144.0;159.0;147.0;137.0;95.0;65.0;76.0;99.0;129.0;51.0;None;None;101.0;105.0;72.0;75.0;76.0;74.0;69.0;74.0;79.0;81.0;116.0;121.0;108.0;106.0;120.0;124.0;96.0;85.0;94.0;101.0;94.0;102.0;131.0;114.0;106.0;130.0;124.0;124.0;104.0;115.0;78.0;109.0;58.0;None;None;119.0;150.0;106.0;175.0;183.0;169.0;146.0;106.0;147.0;106.0;104.0;139.0;120.0;150.0;149.0;112.0;106.0;125.0;163.0;134.0;60.0;100.0;134.0;None;191.0;195.0;158.0;135.0;128.0;130.0;None;169.0;157.0;118.0;142.0;131.0;130.0;111.0,92,99,99,93,91,55,13,87,100,88,92,85,94,100,71,87,0.07,0.07
15.5,,,1080,2024-02-25T18:20:00.000-05:00,2024-02-25T17:49:30.000-05:00,2024-02-26,0,41,1290,750,,23222232332123212231111122111121111122222212221212222222111211,0,0,23,24,active,1320,1830,750,,444422,-300,64170,-20400,65490,None;None;None;None;None;None,None;None;None;None;None;None,1,1,1,10,81,98,1,91,,62,97,5,,,38,57,,0.0
15.0,53.6,114,2938,2024-02-26T08:31:58.000-05:00,2024-02-26T00:38:30.000-05:00,2024-02-26,5370,90,1050,14130,48.0,23222331212111111112311111111111132111111111111111111111111111111111111111321111111111111111111111111111111111111132111111111111111111211111111111111122121111122111111111111111111311111111111111111113211111111111111111111111111111111111232131111111112221111111111221113222231211211111111111111111111111122111111111111111111111111133221111111211111111111111121111111111111111111123312321211111111111111111111111121111111111111111111111111111111111111111321111112111111212221112111111211111111111111111111111111111111111111322111211111111111111111111111111111111132323211111112321211111111111111111112211111112111111221111112122122111111111111111211111111111111111111221111111111111111111111111111111111112342121111111111111132311221121111111111111111111113332111111321111111122311111121111111111111111111111111111111211221111111112112212221112121111111111111111112321211231111111111111111111111133111111111111111111111111111113322321122113212111111,1,5970,238,75,active,14310,28408,25470,long_sleep,44422111111111122222211122222211122333433322222222212221423333332222222222222233333332222222444,-300,2310,30718,16620,None;66.0;65.0;60.0;57.0;56.0;56.0;55.0;56.0;56.0;56.0;55.0;54.0;52.0;51.0;54.0;55.0;55.0;55.0;54.0;54.0;54.0;54.0;53.0;52.0;51.0;52.0;51.0;52.0;53.0;51.0;52.0;52.0;52.0;51.0;58.0;57.0;63.0;None;53.0;53.0;51.0;51.0;51.0;51.0;50.0;49.0;48.0;50.0;50.0;51.0;52.0;52.0;51.0;51.0;52.0;59.0;55.0;54.0;55.0;56.0;61.0;56.0;56.0;55.0;54.0;53.0;53.0;54.0;53.0;53.0;50.0;49.0;49.0;49.0;54.0;52.0;51.0;52.0;60.0;62.0;58.0;55.0;56.0;53.0;53.0;51.0;49.0;50.0;50.0;50.0;51.0;51.0;None;None,None;85.0;58.0;107.0;112.0;134.0;126.0;128.0;140.0;151.0;124.0;137.0;103.0;135.0;138.0;123.0;106.0;101.0;78.0;105.0;74.0;125.0;73.0;88.0;109.0;107.0;88.0;140.0;100.0;124.0;125.0;81.0;67.0;78.0;104.0;103.0;129.0;92.0;None;91.0;116.0;114.0;113.0;80.0;69.0;106.0;132.0;133.0;135.0;89.0;83.0;65.0;87.0;89.0;89.0;116.0;108.0;121.0;89.0;98.0;134.0;103.0;101.0;101.0;111.0;112.0;129.0;116.0;125.0;118.0;108.0;172.0;149.0;148.0;198.0;135.0;121.0;140.0;136.0;81.0;77.0;101.0;138.0;123.0;122.0;134.0;140.0;123.0;116.0;143.0;145.0;160.0;175.0;None;None,71,92,94,95,91,72,51,91,100,73,97,82,100,91,67,83,-0.14,-0.01
15.0,,,1230,2024-02-26T21:31:28.000-05:00,2024-02-26T21:00:58.000-05:00,2024-02-27,0,33,900,600,,33222233222111212111211111111221211221211111122322322223222222,0,0,17,28,active,1230,1830,600,,444224,-300,-10742,-8912,-9512,None;None;None;None;None;None,None;None;None;None;None;None,1,1,1,2,99,99,23,88,,71,91,11,,,46,60,,0.14
15.375,58.3,87,4350,2024-02-27T09:55:58.000-05:00,2024-02-27T01:14:58.000-05:00,2024-02-27,4860,86,1380,17760,52.0,3222212111111112332212211121112211111111111111111122111111111111111111113111232111111111111211111111111111111111111111111111111111111111111111111111111111133132111111221112113221111111111111111121111121211111111111111111111111111111111111111111111111111111111111133111111111111331112232111111111111111111111111111111112332121111111121111111111111111221111221111111111111111112111111211111111111111111111111111311233312112111111111111111111111111222111111111322111111111112213111111111111111111111111111111111332111111111111232312111112111112112221132111111111321223111111111111111111111111111111111111111112111111111111111111111111111111111111111111111111111111111111111111111111111111111111111112233321111111122111111131121112211111111131111111111311111111111111131111122111111111121111132111111112111111121111122111111111123312112111121111112111111111111111112211113321332111111111111111131211111111211111121111111211111111123321111122211111122332121111113221121111111111111112111121111111111111111111111113422322221111111111111111111111334,1,4290,265,68,active,16200,31260,26910,long_sleep,44444211111111114223221111424221422322222422122223323223222222222222222333222222222222242332222223333422,-300,4498,35758,20698,None;67.0;70.0;69.0;68.0;63.0;65.0;66.0;64.0;62.0;61.0;61.0;61.0;61.0;60.0;61.0;61.0;59.0;67.0;67.0;60.0;57.0;56.0;59.0;61.0;62.0;61.0;60.0;None;58.0;58.0;59.0;None;59.0;63.0;61.0;59.0;56.0;55.0;55.0;56.0;57.0;54.0;55.0;56.0;56.0;56.0;56.0;56.0;59.0;61.0;63.0;67.0;58.0;60.0;55.0;56.0;55.0;55.0;55.0;54.0;54.0;55.0;54.0;54.0;55.0;54.0;54.0;53.0;53.0;56.0;60.0;55.0;58.0;55.0;None;None;53.0;55.0;None;53.0;52.0;53.0;52.0;52.0;53.0;52.0;None;59.0;56.0;None;52.0;None;56.0;56.0;56.0;56.0;62.0;66.0;65.0;69.0;None;54.0;56.0;None,None;87.0;88.0;78.0;78.0;76.0;53.0;53.0;43.0;51.0;60.0;68.0;70.0;76.0;86.0;78.0;109.0;107.0;56.0;55.0;103.0;120.0;136.0;87.0;81.0;76.0;85.0;80.0;None;79.0;91.0;99.0;None;91.0;71.0;95.0;87.0;107.0;112.0;105.0;105.0;85.0;41.0;52.0;72.0;82.0;62.0;89.0;55.0;64.0;58.0;76.0;65.0;86.0;85.0;88.0;78.0;77.0;92.0;139.0;78.0;153.0;110.0;127.0;96.0;104.0;65.0;70.0;71.0;81.0;85.0;87.0;119.0;145.0;158.0;None;None;105.0;172.0;None;113.0;103.0;61.0;59.0;81.0;110.0;66.0;None;79.0;84.0;None;52.0;None;129.0;108.0;120.0;124.0;94.0;57.0;64.0;58.0;None;138.0;137.0;None,76,83,68,86,78,65,22,88,100,73,91,71,85,100,77,82,-0.07,0.09
14.625,57.61,104,4975,2024-02-28T10:13:10.000-05:00,2024-02-28T02:06:15.000-05:00,2024-02-28,5460,83,2310,13830,51.0,21321222232213321111312111111211111111111111221131111111111113211111111111231112111131111111111111111111111111111111111111111111111111111111111111111111111111111111111111111111111111111111112332111111111122211111111111121111111111121111112111112312211111111111111111111111111111111111111111111111111111111111111111111111111112311111111111111123331111111111111111111111111111111131111111111111111111111111111111111111111111111111111133111232221111111232111111111211232111131212111121112111111112121111111111111111111111131212111111111111111311111111111111111111111111111111111111111123111111111221211111111122321111111111111111111112211211111111111111111211121111112111111311111111111111221111111123111111111211112221111111221111111111111111111111111111111111111111122322111111111221111232211121131211111232111111221111111131111321111111111121111111111111111133211111111111111113111111121211111111111111111232321111111111111111111333222222211122122222233222121321211222222331,0,4950,227,62,active,14940,29215,24240,long_sleep,4444444422111111111222332222111112422122111442333333322222222222222333332222122222222233222424444,-300,7575,36790,22515,None;None;71.0;70.0;72.0;73.0;73.0;68.0;62.0;60.0;60.0;61.0;60.0;60.0;59.0;59.0;58.0;59.0;59.0;59.0;58.0;58.0;63.0;61.0;61.0;62.0;59.0;58.0;57.0;56.0;56.0;56.0;58.0;55.0;59.0;52.0;53.0;54.0;51.0;53.0;54.0;54.0;54.0;53.0;None;57.0;58.0;61.0;59.0;55.0;58.0;61.0;59.0;57.0;54.0;53.0;53.0;54.0;55.0;53.0;54.0;53.0;54.0;54.0;55.0;54.0;52.0;58.0;59.0;60.0;57.0;54.0;55.0;55.0;55.0;56.0;56.0;53.0;53.0;52.0;53.0;53.0;55.0;56.0;57.0;57.0;62.0;58.0;59.0;60.0;None;None;56.0;None;None;None;None;None,None;None;78.0;94.0;83.0;59.0;56.0;94.0;113.0;107.0;115.0;113.0;111.0;116.0;114.0;117.0;117.0;116.0;117.0;85.0;99.0;105.0;72.0;100.0;94.0;89.0;104.0;114.0;139.0;139.0;148.0;141.0;136.0;124.0;80.0;103.0;110.0;110.0;113.0;88.0;74.0;81.0;82.0;120.0;None;85.0;78.0;66.0;88.0;86.0;96.0;96.0;87.0;75.0;87.0;102.0;74.0;84.0;86.0;103.0;104.0;98.0;62.0;94.0;68.0;107.0;152.0;122.0;97.0;101.0;116.0;136.0;106.0;106.0;107.0;88.0;109.0;122.0;119.0;122.0;110.0;106.0;99.0;101.0;111.0;128.0;85.0;116.0;114.0;94.0;None;None;123.0;None;None;None;None;None,66,93,78,79,35,72,17,89,100,85,61,62,80,100,74,79,-0.05,0.01
21.375,,,870,2024-02-28T23:55:26.000-05:00,2024-02-28T23:40:56.000-05:00,2024-02-29,0,0,0,0,,311321111111122111111222111122,0,0,0,30,active,0,870,0,,444,-300,-1144,-274,,None;None,None;None,1,1,1,1,59,99,89,91,,81,95,15,,,79,71,,-0.11
14.5,56.09,78,3668,2024-02-29T09:48:04.000-05:00,2024-02-29T00:43:56.000-05:00,2024-02-29,7980,89,1080,16020,52.0,222312111222222332111223321223111111111121111111111111111113333331322211111111111111111111111231111111111111111112212111111111111111111111111111111111111111111111111111111111111111111111111111111111111111111111111111132111111111111111111122223211111111111111111111111111111111122222211111111111122111111112111111111111111111111111112222311111111111111111111111122221332211111111111111111111211111111111111111111111111111132111111111233111111111111111113221111111111112311111111111111222113133211111111112111121111111111111111111111111111111111111111111111111121211111111111111111111111111111111332132211111122111111111111111111111211112111111111111212111331221111111111111111111122111111221112111112121113211111222211111111111111111111111111111111111111111111111111112211111111111111211111111113111111123111112211111111112211111122133211111111211111322112111111111121113123111131111111112111111111112211112211121111111111112111111113111111112321111112211111111222221211232211111111111221111111111111111111111111111231121113321111111111111113311111111111212221111111111111111112123231112331,1,4980,299,78,active,16530,32648,28980,long_sleep,4444214411112111111111222222222111214422112233333422211222112222333333322221122222243222222222222333334242224,-300,2636,35284,19166,None;None;None;61.0;59.0;59.0;None;None;57.0;57.0;57.0;57.0;57.0;56.0;55.0;55.0;55.0;56.0;56.0;55.0;55.0;55.0;54.0;57.0;59.0;60.0;61.0;59.0;56.0;55.0;53.0;55.0;56.0;54.0;55.0;56.0;52.0;None;55.0;55.0;56.0;56.0;57.0;53.0;58.0;62.0;56.0;57.0;59.0;54.0;58.0;55.0;55.0;56.0;57.0;57.0;56.0;55.0;56.0;57.0;58.0;55.0;57.0;57.0;59.0;61.0;59.0;58.0;58.0;56.0;54.0;55.0;54.0;54.0;55.0;56.0;56.0;54.0;52.0;52.0;53.0;53.0;57.0;None;None;59.0;55.0;57.0;55.0;53.0;54.0;53.0;54.0;54.0;52.0;54.0;54.0;56.0;56.0;58.0;60.0;62.0;57.0;None;55.0;None;None;None;None,None;None;None;84.0;97.0;78.0;None;None;63.0;66.0;95.0;54.0;74.0;86.0;96.0;89.0;84.0;83.0;84.0;85.0;91.0;77.0;96.0;86.0;68.0;80.0;72.0;72.0;82.0;46.0;63.0;47.0;42.0;84.0;39.0;65.0;71.0;None;52.0;50.0;42.0;50.0;50.0;89.0;84.0;33.0;69.0;71.0;60.0;52.0;80.0;69.0;74.0;77.0;95.0;93.0;102.0;65.0;70.0;79.0;85.0;79.0;77.0;82.0;78.0;57.0;71.0;79.0;73.0;80.0;75.0;84.0;113.0;99.0;89.0;92.0;89.0;99.0;87.0;90.0;97.0;84.0;77.0;None;None;94.0;128.0;90.0;90.0;107.0;97.0;69.0;95.0;67.0;134.0;92.0;113.0;89.0;93.0;85.0;73.0;50.0;98.0;None;119.0;None;None;None;None,84,100,78,93,91,73,30,91,94,79,95,85,100,99,82,88,-0.32,-0.15
20.0,,,901,2024-03-01T00:34:30.000-05:00,2024-03-01T00:17:29.000-05:00,2024-03-01,0,12,0,120,,32211113221111111111111113111221122,0,0,2,31,active,720,1021,120,,4444,-300,1049,2070,1769,None;None;None,None;None;None,1,1,1,1,59,99,100,92,,86,93,15,,,46,65,,-0.05
20.0,71.17,49,871,2024-03-01T01:19:30.000-05:00,2024-03-01T00:39:29.000-05:00,2024-03-01,180,64,840,1350,70.0,212333222111231121111111111111322111111111211133321111111111111111133122121111211,1,0,24,39,active,1560,2401,1530,rest,44421222,-300,2369,4770,3929,None;None;71.0;70.0;73.0;71.0;71.0;71.0;None,None;None;46.0;52.0;42.0;54.0;40.0;47.0;None,3,3,1,32,97,98,100,92,,74,93,26,1,1,48,49,,-0.05
14.625,58.55,85,3360,2024-03-01T10:43:59.000-05:00,2024-03-01T02:28:59.000-05:00,2024-03-01,6330,89,180,14100,53.0,211111111111111111111111123211111111111122211111111111111111111111111331111111111111111111111111111112212111111111112211111111111111111111111111111111111111111111111111111111111111111113111111111111111111111121111111111111111111111111111111121111112111111111111111111111111111111111111111111111111111111111111111112234322111111221211111111111111222121121131111111111111111111111112111111111113221221111111311111111111111213111111132123212232111111111111113212211111111111111211111111122111111111111111111111111111211111111111111111111113211111111111111111111111111111111211111111331122111111111111211111122221211111111221111111111321211111111111111111311111111112111322232111111111112211111111322322211111111111111111111121333322111111111111123322212222311111111111111111111111111111111111121111321111111111111111111111112111111111111111111111111111111321111111111111211111111111111124222113211331111111111111112112311111111111112332311111111111111111111111111112232222132222222321223332112,2,5910,220,72,active,14190,29700,26340,long_sleep,422221141111111111122222222111114222233333342322222111222223333222242422442233333332222244222423444,-300,8939,38639,23129,None;None;67.0;64.0;62.0;61.0;62.0;62.0;59.0;58.0;58.0;57.0;57.0;58.0;59.0;59.0;58.0;58.0;58.0;59.0;61.0;61.0;60.0;58.0;57.0;55.0;57.0;58.0;57.0;56.0;57.0;58.0;None;54.0;55.0;55.0;55.0;59.0;64.0;64.0;59.0;59.0;59.0;64.0;55.0;63.0;59.0;57.0;54.0;53.0;55.0;55.0;55.0;57.0;55.0;56.0;56.0;58.0;61.0;57.0;59.0;59.0;59.0;59.0;58.0;58.0;57.0;59.0;57.0;61.0;58.0;59.0;None;None;59.0;59.0;61.0;61.0;61.0;66.0;58.0;59.0;61.0;60.0;60.0;60.0;56.0;57.0;58.0;None;None;54.0;57.0;57.0;62.0;58.0;None;None;None,None;None;42.0;60.0;68.0;67.0;63.0;68.0;78.0;91.0;107.0;94.0;91.0;104.0;94.0;96.0;103.0;103.0;110.0;99.0;62.0;60.0;58.0;63.0;65.0;104.0;75.0;68.0;72.0;81.0;76.0;72.0;None;76.0;108.0;93.0;78.0;69.0;42.0;56.0;85.0;79.0;64.0;57.0;107.0;61.0;82.0;115.0;77.0;95.0;86.0;85.0;84.0;79.0;96.0;109.0;103.0;77.0;75.0;89.0;61.0;65.0;62.0;77.0;73.0;79.0;115.0;85.0;88.0;84.0;90.0;73.0;None;None;75.0;95.0;89.0;76.0;63.0;41.0;117.0;114.0;99.0;87.0;96.0;85.0;107.0;103.0;91.0;None;None;95.0;109.0;100.0;112.0;97.0;None;None;None,74,98,93,93,67,75,15,92,90,86,93,76,96,91,77,86,-0.45,-0.18
16.0,78.76,39,3385,2024-03-02T09:02:57.000-05:00,2024-03-02T02:03:02.000-05:00,2024-03-02,4410,87,930,14040,70.0,311133211111111132132212111232221111111111111111111111111111111111111111111111111111111111111111111111111111111111111111111111132221111222111111111233111111111111111111111111111111111133111211111111111111111111111111112211111111211111111111111111111111111222111111221211111111111111111111111111111111111111211111111112121232332111111111111111111121111332334332111111111111211111111111111111222111111111111111111111111111111111111111111111111111111111111122231321111111111112111111133112121111111111111123111111111122311111112211123331232111111111111111111111111111223231111111112111111111112111111111111111111111111111111111111111111322131211111111111112111111112111121112222111122111131221111111122211111111111111111111311111111111112111111111111111111111111111111111111111111111111233121111111113221111231132112212223332211111222221113323,0,3360,189,60,active,12720,25195,21810,long_sleep,444211111111122221122122112222224334422222211422423334222222222223333333222222222244,-300,7382,32577,20102,None;None;None;None;None;88.0;83.0;83.0;83.0;82.0;82.0;81.0;81.0;83.0;80.0;80.0;87.0;87.0;84.0;81.0;82.0;83.0;82.0;78.0;81.0;82.0;81.0;79.0;78.0;81.0;81.0;83.0;85.0;85.0;88.0;None;None;78.0;78.0;79.0;78.0;80.0;81.0;81.0;83.0;84.0;82.0;75.0;75.0;None;79.0;81.0;78.0;78.0;80.0;79.0;78.0;74.0;71.0;71.0;73.0;75.0;76.0;75.0;73.0;73.0;79.0;76.0;74.0;70.0;72.0;71.0;71.0;72.0;73.0;73.0;73.0;74.0;72.0;None;None;None;None;None,None;None;None;None;None;25.0;19.0;18.0;19.0;19.0;18.0;19.0;19.0;32.0;46.0;66.0;18.0;17.0;23.0;42.0;35.0;32.0;41.0;69.0;53.0;42.0;49.0;49.0;57.0;47.0;48.0;38.0;35.0;40.0;18.0;None;None;31.0;34.0;41.0;43.0;47.0;44.0;45.0;50.0;40.0;39.0;33.0;30.0;None;40.0;29.0;40.0;43.0;39.0;30.0;33.0;41.0;30.0;28.0;41.0;44.0;43.0;38.0;57.0;40.0;44.0;54.0;44.0;56.0;56.0;45.0;57.0;68.0;47.0;35.0;40.0;43.0;33.0;None;None;None;None;None,57,76,54,88,97,53,23,88,100,67,98,59,27,1,76,60,-0.04,-0.07
16.75,63.83,90,721,2024-03-02T18:45:32.000-05:00,2024-03-02T17:24:01.000-05:00,2024-03-03,780,85,270,3390,60.0,33222111111111112211221111111111111111111111113211111111111111111113112111221111111111122111111111211211111111111111111311112211111111111112211112111121111211123221,0,0,54,30,active,2490,4891,4170,,4222221122222222,-300,62641,-18868,65131,None;None;63.0;64.0;64.0;65.0;66.0;65.0;63.0;65.0;64.0;65.0;62.0;60.0;None;None;None,None;None;109.0;95.0;90.0;94.0;69.0;71.0;93.0;103.0;81.0;75.0;65.0;59.0;None;None;None,8,14,1,83,72,66,1,93,,86,93,15,10,34,56,57,,-0.35
15.25,56.8,106,3270,2024-03-03T09:59:01.000-05:00,2024-03-03T00:48:01.000-05:00,2024-03-03,5820,90,600,15990,51.0,3323222321111111111111111111112311111111111321111111111111113111111121111111111111111111111111111111233211111111111221123111111111111111111111111111211111111111111111111111111111111111111111232211111111111111111111111111111111111111111111111122111111111111111111111111113112211111111131121111112221111111111311111111133111111231111111211111111111111111221111111113111111132111111131111111111111111111111111111111111111111111111111111111121111111111111111111111111111111112232221111111111111111111111111112111111111111112211111111111111111111111133112211111111111111111111111111321111111111111111111121111111111111111111111111111111111111111111113112111111111111111111113221111111111111111311111111111111113321113211112111111111111111221312111111111113211111111111131124311111111111112111112111111111211111111111211111111111121121111111111111111111111111123212111111111322123111111111111111111111111111111111113223222211111112221121113121211111111111111111111111111211111111111113221111231111111111111111111111111323111111111111111111113312211111111111111111111111111111111111111133322221222222222223222,1,7980,232,79,active,16110,33060,29790,long_sleep,44222111114222122112111121111222333333333222222222122222232221111222224433333422222222233334243333222224423344,-300,2881,35941,18991,None;None;None;None;None;59.0;58.0;56.0;59.0;60.0;59.0;None;55.0;56.0;62.0;59.0;58.0;60.0;58.0;58.0;58.0;57.0;57.0;57.0;57.0;57.0;58.0;58.0;56.0;56.0;56.0;56.0;57.0;59.0;65.0;73.0;69.0;59.0;57.0;57.0;63.0;61.0;61.0;58.0;56.0;56.0;56.0;58.0;55.0;55.0;56.0;56.0;57.0;55.0;56.0;56.0;56.0;63.0;59.0;57.0;54.0;55.0;54.0;54.0;54.0;52.0;53.0;51.0;51.0;51.0;51.0;56.0;56.0;55.0;60.0;56.0;53.0;None;57.0;56.0;52.0;52.0;53.0;54.0;54.0;54.0;53.0;52.0;56.0;60.0;58.0;None;None;62.0;58.0;57.0;58.0;59.0;None;55.0;56.0;54.0;54.0;54.0;None;53.0;55.0;58.0;60.0;None;None,None;None;None;None;None;115.0;119.0;143.0;136.0;137.0;139.0;None;124.0;121.0;99.0;78.0;81.0;64.0;54.0;77.0;75.0;102.0;72.0;87.0;73.0;86.0;121.0;100.0;113.0;122.0;136.0;134.0;111.0;88.0;65.0;47.0;59.0;112.0;100.0;115.0;102.0;87.0;80.0;106.0;129.0;76.0;121.0;105.0;84.0;77.0;77.0;86.0;70.0;77.0;82.0;81.0;96.0;98.0;85.0;72.0;77.0;111.0;101.0;103.0;102.0;135.0;98.0;138.0;145.0;124.0;141.0;120.0;96.0;127.0;91.0;120.0;146.0;None;140.0;129.0;178.0;172.0;165.0;158.0;166.0;162.0;152.0;145.0;106.0;76.0;98.0;None;None;99.0;141.0;116.0;123.0;104.0;None;145.0;130.0;133.0;131.0;119.0;None;132.0;126.0;110.0;90.0;None;None,87,96,100,95,86,61,31,93,97,88,93,85,62,100,86,87,0.1,-0.14
15.25,56.31,107,3150,2024-03-04T10:12:30.000-05:00,2024-03-04T00:27:30.000-05:00,2024-03-04,6540,91,510,18060,51.0,322222131111112211111111111111321111111112111213211112111111112111111213121111322121111221111111111111111111111111111113211111111111111111111111111111111111111112211321211111111211311111111111122111221111111111111111222113121111111121111111111111111211111111111111111111111111111111111111111111111111111111321121111111121111213321111321111111111111111111111111111111111111112111111111111132321111111111111111111111123321111111111111111111111121111322311111111111111111111211121111123321111111111211111111111111111311111123111111111111111213111111111111121111111111311111111111113211232111111111111111111111111111111111221112211211111111111131112322222111211111111221111111111111111111111321111111111111111111111131111111111111111111111111111111111111111111111111111111111111111111132211111122422111111211112121122321111111112211111131111112211111111111121111111111111111321211332111111111111132111111111111111111111111111111223111111111111111111111111111111111113213211111111111111111311111111112111112211111131111111111211133332112111111111111111111111121111111111111111111111111111111111333322213121111111111111111111111111111123332332222111111123222222221112221111233,0,7350,330,81,active,17010,35100,31950,long_sleep,442211111111111112223322221111122422111223333222222222222223333332222222222212222233333332222222423333442222242224444,-300,1650,36750,18660,None;None;72.0;63.0;60.0;59.0;59.0;58.0;57.0;57.0;58.0;58.0;58.0;57.0;57.0;57.0;57.0;57.0;58.0;63.0;60.0;62.0;63.0;57.0;51.0;58.0;57.0;57.0;57.0;57.0;57.0;56.0;None;None;53.0;54.0;55.0;54.0;54.0;56.0;58.0;60.0;56.0;58.0;59.0;57.0;56.0;55.0;55.0;57.0;56.0;56.0;56.0;57.0;54.0;56.0;56.0;55.0;53.0;59.0;61.0;60.0;55.0;56.0;58.0;56.0;53.0;53.0;53.0;52.0;53.0;53.0;55.0;54.0;55.0;55.0;56.0;55.0;54.0;53.0;57.0;54.0;52.0;53.0;52.0;54.0;57.0;59.0;59.0;58.0;56.0;56.0;56.0;55.0;56.0;56.0;58.0;51.0;53.0;52.0;54.0;55.0;56.0;None;57.0;54.0;54.0;54.0;55.0;None;57.0;55.0;58.0;None;None;None;None,None;None;80.0;83.0;103.0;144.0;143.0;130.0;122.0;121.0;152.0;162.0;113.0;114.0;98.0;141.0;123.0;91.0;95.0;87.0;76.0;92.0;64.0;119.0;187.0;113.0;104.0;103.0;109.0;107.0;116.0;121.0;None;None;81.0;102.0;87.0;79.0;58.0;85.0;79.0;89.0;88.0;64.0;65.0;71.0;85.0;71.0;136.0;108.0;90.0;96.0;109.0;104.0;111.0;112.0;115.0;106.0;123.0;105.0;75.0;103.0;127.0;102.0;63.0;76.0;67.0;70.0;72.0;104.0;135.0;123.0;94.0;104.0;111.0;108.0;97.0;105.0;132.0;119.0;114.0;126.0;115.0;127.0;117.0;91.0;79.0;91.0;90.0;81.0;122.0;116.0;117.0;122.0;109.0;106.0;121.0;140.0;133.0;138.0;138.0;133.0;131.0;None;112.0;130.0;99.0;123.0;118.0;None;115.0;136.0;118.0;None;None;None;None,95,98,99,96,83,49,34,89,79,72,90,88,100,100,83,88,0.32,-0.03
15.125,57.79,103,6117,2024-03-05T10:23:58.000-05:00,2024-03-05T00:33:01.000-05:00,2024-03-05,5880,83,1410,17940,51.0,111232322211111111111113322213211111121111211111111112111111111111111111111111111132111111111113212111111111111111111322111111111111111123321111111111111211111111111111211111111111112111111111321111111211112111111111111111112211111222111111122132311231111111111111111111111111111111111111111111111123213311122111111211112232111111112211121111111111112111111112111111111111211211122111121121121112112211111133111111112233111111111111111111111111111111111111111111111111111111111133211111111111111111111111111111111113123111111111111111111111111111111111111132322111211122321111112221111111111111111111111111111111111111131311111111111111211132121211231111111111111111111122111111111111111111111123211111111132111211111121111111111111111111221211321111111111111221123111111111111113213112311111111122111111111112311111111111111111111111111111111111112322211211111111111111111111111111112211132121132222321311111111121111111111111111132322121133321111122331223111111111111111132111311111221112132111112111111213222111111111121111112111111111111111112133311111111111111223223222311111111232111111111111221111332211111123121111111122112222332221213122222211111111222211112211232332222221,0,5520,353,72,active,17100,35457,29340,long_sleep,4444422111111142222221122221114422333332224211112222222222221122222222333333332222211222222222442222333334442244444444,-300,1981,37438,19081,None;71.0;71.0;68.0;67.0;65.0;61.0;59.0;60.0;62.0;62.0;64.0;62.0;61.0;None;63.0;68.0;66.0;65.0;61.0;59.0;59.0;58.0;58.0;56.0;55.0;54.0;55.0;55.0;55.0;None;51.0;54.0;55.0;60.0;61.0;62.0;58.0;60.0;58.0;56.0;54.0;None;55.0;56.0;56.0;56.0;56.0;54.0;55.0;54.0;54.0;53.0;57.0;57.0;56.0;56.0;56.0;54.0;55.0;56.0;57.0;57.0;56.0;55.0;58.0;57.0;56.0;58.0;59.0;56.0;56.0;56.0;63.0;60.0;57.0;52.0;55.0;54.0;55.0;56.0;54.0;56.0;56.0;57.0;60.0;58.0;60.0;62.0;58.0;55.0;52.0;52.0;55.0;None;57.0;55.0;55.0;56.0;56.0;57.0;55.0;58.0;57.0;57.0;None;59.0;58.0;54.0;54.0;55.0;60.0;61.0;64.0;None;None;None;None;None,None;58.0;56.0;34.0;76.0;60.0;83.0;91.0;106.0;87.0;94.0;89.0;110.0;109.0;None;88.0;60.0;84.0;112.0;96.0;113.0;127.0;130.0;108.0;98.0;116.0;114.0;100.0;126.0;113.0;None;107.0;99.0;111.0;92.0;118.0;99.0;98.0;89.0;121.0;151.0;99.0;None;95.0;102.0;94.0;103.0;105.0;102.0;105.0;120.0;127.0;94.0;77.0;80.0;65.0;103.0;86.0;102.0;117.0;107.0;125.0;89.0;86.0;111.0;89.0;97.0;106.0;89.0;97.0;103.0;100.0;59.0;66.0;126.0;112.0;108.0;94.0;113.0;90.0;90.0;107.0;106.0;122.0;103.0;125.0;125.0;98.0;79.0;128.0;124.0;117.0;107.0;116.0;None;114.0;114.0;108.0;101.0;118.0;105.0;133.0;86.0;96.0;107.0;None;96.0;131.0;145.0;151.0;165.0;127.0;88.0;78.0;None;None;None;None;None,85,96,87,79,75,49,30,93,100,76,91,76,100,100,84,87,-0.08,0.0
15.125,100.33,,2790,2024-03-06T01:10:01.000-05:00,2024-03-06T00:23:31.000-05:00,2024-03-06,0,0,0,0,94.0,2212322211211222221111111121111122111111322222111332232221111122222212212121112111111111233231,0,0,0,31,active,0,2790,0,,444444444,-300,1411,4201,,None;None;104.0;104.0;103.0;101.0;96.0;94.0;None;None,None;None;12.0;15.0;14.0;21.0;15.0;19.0;None;None,1,1,1,1,59,99,100,93,,77,87,14,1,1,87,54,,0.17
15.125,,,1800,2024-03-06T02:04:00.000-05:00,2024-03-06T01:34:00.000-05:00,2024-03-06,0,0,0,0,,2232212232221233123312112222222232222221111111112111122122223,1,0,0,31,active,0,1800,0,,444444,-300,5640,7440,,None;None;None;None;None;None,None;None;None;None;None;None,1,1,1,1,59,99,100,93,,77,87,14,,,87,71,,0.17
14.625,58.06,104,3607,2024-03-06T11:16:07.000-05:00,2024-03-06T03:11:30.000-05:00,2024-03-06,6150,88,570,13350,52.0,3311111111111111323112111211111111321112221111111112111111111111111111111111111111122111121112111111111111111111232112211111111111112111221111111111111311111111111111111111112211111111111111111111121111111111321111111111111111111111111111221111111111113122111111111111111111211111111111111311122121112111111111111332111111111111211212121112221111111111111111123212112211111111111111111111111111111111111111111111111111111111111111111111111111111111111111111111111112311111113211111111111111111111111111111111111221111111321232111111112111111111121111111111222212211111111111111111113211111211111111111111111131111111112111122111111111221232111111111111111113211111111111132113111121111111131113222111111111111111222121111111112111111231112111111111111111111111111111232113211111221111122111111111111111111111121111111133211111131111222111111221111121131111111122111111111111111111233332232111112222212111123211112223222221222222211112223211111221111322221113222233212133,2,5970,302,72,active,13350,29077,25470,long_sleep,4422111111111222211112211222223433333332211111122222233333222222222222333322222222222333444444444,-300,11490,40567,24840,None;None;65.0;62.0;58.0;58.0;58.0;60.0;60.0;58.0;59.0;60.0;58.0;60.0;60.0;63.0;59.0;59.0;59.0;59.0;59.0;60.0;58.0;59.0;57.0;58.0;58.0;59.0;59.0;59.0;58.0;63.0;None;63.0;57.0;59.0;57.0;58.0;57.0;61.0;59.0;59.0;58.0;59.0;59.0;58.0;58.0;57.0;56.0;57.0;57.0;58.0;54.0;59.0;59.0;61.0;59.0;60.0;61.0;57.0;57.0;56.0;55.0;56.0;53.0;54.0;52.0;52.0;54.0;55.0;54.0;56.0;58.0;60.0;56.0;57.0;57.0;56.0;52.0;53.0;56.0;56.0;55.0;54.0;55.0;56.0;57.0;61.0;65.0;64.0;64.0;62.0;None;None;None;None;None,None;None;81.0;87.0;118.0;115.0;105.0;97.0;95.0;106.0;94.0;88.0;136.0;132.0;93.0;65.0;115.0;119.0;110.0;114.0;119.0;116.0;95.0;91.0;114.0;126.0;142.0;123.0;109.0;114.0;103.0;67.0;None;67.0;80.0;75.0;76.0;96.0;107.0;65.0;81.0;82.0;99.0;95.0;98.0;105.0;104.0;114.0;124.0;107.0;117.0;117.0;103.0;91.0;104.0;92.0;86.0;72.0;77.0;113.0;117.0;109.0;123.0;112.0;122.0;100.0;101.0;150.0;105.0;108.0;98.0;78.0;99.0;105.0;125.0;108.0;103.0;111.0;117.0;104.0;111.0;100.0;119.0;130.0;142.0;111.0;110.0;94.0;74.0;48.0;46.0;53.0;None;None;None;None;None,71,97,94,90,86,79,10,93,95,83,87,76,54,97,85,83,-0.3,0.01
